{
    "rmse": 0.6897289930060636,
    "mae": 0.5323946152203416,
    "r2": 0.23269986484974425
}